uuid,datetime
F7826DA6-4FA2-4E98-8024-BC5B71E0893E,2019-11-05 16:41:20
F7826DA6-4FA2-4E98-8024-BC5B71E0893E,2019-11-05 16:41:21
F7826DA6-4FA2-4E98-8024-BC5B71E0893E,2019-11-05 16:41:22
F7826DA6-4FA2-4E98-8024-BC5B71E0893E,2019-11-05 16:41:23
F7826DA6-4FA2-4E98-8024-BC5B71E0893E,2019-11-05 16:41:24
F7826DA6-4FA2-4E98-8024-BC5B71E0893E,2019-11-05 16:41:25
F7826DA6-4FA2-4E98-8024-BC5B71E0893F,2019-11-07 16:22:54
F7826DA6-4FA2-4E98-8024-BC5B71E0893E,2019-11-07 16:22:55
F7826DA6-4FA2-4E98-8024-BC5B71E0893E,2019-11-07 16:22:56
F7826DA6-4FA2-4E98-8024-BC5B71E0893E,2019-11-07 16:22:57
F7826DA6-4FA2-4E98-8024-BC5B71E0893E,2019-11-07 16:22:58
F7826DA6-4FA2-4E98-8024-BC5B71E0893E,2019-11-07 16:22:59
F7826DA6-4FA2-4E98-8024-BC5B71E0893F,2019-11-18 16:14:53
F7826DA6-4FA2-4E98-8024-BC5B71E0893E,2019-11-18 16:14:54
F7826DA6-4FA2-4E98-8024-BC5B71E0893E,2019-11-18 16:14:55
F7826DA6-4FA2-4E98-8024-BC5B71E0893E,2019-11-18 16:14:56
F7826DA6-4FA2-4E98-8024-BC5B71E0893E,2019-11-18 16:14:57
F7826DA6-4FA2-4E98-8024-BC5B71E0893E,2019-11-18 16:14:58
F7826DA6-4FA2-4E98-8024-BC5B71E0893E,2019-11-18 16:14:59
F7826DA6-4FA2-4E98-8024-BC5B71E0893E,2019-11-18 16:15:00
F7826DA6-4FA2-4E98-8024-BC5B71E0893E,2019-11-18 16:15:01
F7826DA6-4FA2-4E98-8024-BC5B71E0893E,2019-11-18 16:15:02
F7826DA6-4FA2-4E98-8024-BC5B71E0893E,2019-11-18 16:15:03
F7826DA6-4FA2-4E98-8024-BC5B71E0893F,2019-11-21 18:00:13
F7826DA6-4FA2-4E98-8024-BC5B71E0893F,2019-11-21 18:00:14
F7826DA6-4FA2-4E98-8024-BC5B71E0893E,2019-11-21 18:00:15
F7826DA6-4FA2-4E98-8024-BC5B71E0893F,2019-11-21 18:00:16
F7826DA6-4FA2-4E98-8024-BC5B71E0893E,2019-11-21 18:00:17
F7826DA6-4FA2-4E98-8024-BC5B71E0893E,2019-11-21 18:00:18
F7826DA6-4FA2-4E98-8024-BC5B71E0893F,2019-11-21 18:00:19
F7826DA6-4FA2-4E98-8024-BC5B71E0893E,2019-11-21 18:00:20
F7826DA6-4FA2-4E98-8024-BC5B71E0893E,2019-11-21 18:00:21
F7826DA6-4FA2-4E98-8024-BC5B71E0893E,2019-11-21 18:00:22
F7826DA6-4FA2-4E98-8024-BC5B71E0893E,2019-11-21 18:00:23
F7826DA6-4FA2-4E98-8024-BC5B71E0893E,2019-11-21 18:00:24
F7826DA6-4FA2-4E98-8024-BC5B71E0893F,2019-11-21 18:00:25
F7826DA6-4FA2-4E98-8024-BC5B71E0893E,2019-11-21 18:00:26
F7826DA6-4FA2-4E98-8024-BC5B71E0893E,2019-11-21 18:00:27
F7826DA6-4FA2-4E98-8024-BC5B71E0893E,2019-11-22 15:00:22
F7826DA6-4FA2-4E98-8024-BC5B71E0893E,2019-11-22 15:00:23
F7826DA6-4FA2-4E98-8024-BC5B71E0893E,2019-11-22 15:00:24
F7826DA6-4FA2-4E98-8024-BC5B71E0893E,2019-11-22 15:00:25
F7826DA6-4FA2-4E98-8024-BC5B71E0893E,2019-11-22 15:00:26
F7826DA6-4FA2-4E98-8024-BC5B71E0893E,2019-11-22 15:00:27
F7826DA6-4FA2-4E98-8024-BC5B71E0893E,2019-11-22 15:00:28
F7826DA6-4FA2-4E98-8024-BC5B71E0893F,2019-11-22 15:00:29
F7826DA6-4FA2-4E98-8024-BC5B71E0893F,2019-11-22 15:00:30
